Arabic,English
賲賳,from
賮賷,in
兀賳,
賴匕丕,This is
毓賱賶,On
賲丕,What is
兀賳丕,I am
賴賱,Is
賵,and
賷丕,ya
匕賱賰,That's
賱賯丿,It has
賱賲,No.
賲丕匕丕,What
賰丕賳,It was
賴賳丕,Here
廿賱賶,To
兀賳鬲,You are
賴賵,It is
賴匕賴,This is
毓賳,About
賳毓賲,Yes
丕賳,
賴賳丕賰,"There are ,"
賰賱,All
丨爻賳丕賸,"Okay,"
賱賷爻,Not
賰賳鬲,I was
賮賯胤,Only
卮賷亍,Something
丕賱丌賳,Now
賲毓,With
丕賱匕賷,The one
賱賰賳,But
兀噩賱,"Yes,"
賱賰,Yours
賷噩亘,
賱賳,
賰賷賮,How
丨爻賳丕,Okay
丕賳丕,I am
賱賷,Lee
廿賳賴,It is
爻賵賮,Will
賳丨賳,We are
廿匕丕,If
賰丕賳鬲,It was
毓賳丿賲丕,When
兀賷,i.e.
賯丿,May
賱賲丕匕丕,Why
賴賷,It is
丕賱兀賲乇,Order
兀賳賴,It is
賮賶,In
丨鬲賶,Up to
亘毓丿,After
賰匕賱賰,Also
兀賵,or
賵賱賰賳,But
賯亘賱,Before
丕賱鬲賷,Which
丕賳賴,It is
廿賳賴丕,It is
賭,
賱賵,Lo
乇亘賲丕,Maybe
兀賷賳,Where is
賴賷丕,Haya
鬲賱賰,Those
兀毓乇賮,I know
丕賱賶,To
廿賳,
賷賰賵賳,
亘毓囟,Some
兀乇賷丿,I want
兀毓鬲賯丿,I think
丕賳鬲,You are
毓賱賷賰,You need
賲孬賱,Like
氐丨賷丨,Correct
亘賴,
兀賳賰,You are
丕賱賵賯鬲,Time
亘禺賷乇,Okay
兀毓賱賲,I know
兀丨丿,One of
卮禺氐,people
噩丿丕賸,Very
乇噩賱,Man
卮賰乇丕賸,Thank you
賱匕丕,So
賷賲賰賳,
賰賲丕,As well as
賰賱丕,"No,"
兀賰孬乇,"More than ,"
賷亘丿賵,It appears
噩賷丿,Good
鬲賰賵賳,It is
